CREATE SCHEMA IF NOT EXISTS `umg` DEFAULT CHARACTER SET utf8 ;
USE `umg` ;


CREATE TABLE IF NOT EXISTS FACULTADES(
	CODIGO_FACULTAD VARCHAR(5),
	NOMBRE_FACULTAD VARCHAR(45),
	ESTATUS_FACULTAD VARCHAR(1),
	PRIMARY KEY (CODIGO_FACULTAD))
ENGINE = INNODB CHARACTER SET = LATIN1;
INSERT INTO FACULTADES 
  (`CODIGO_FACULTAD`, `NOMBRE_FACULTAD`, `ESTATUS_FACULTAD`) 
  VALUES
  ('00001', 'FACULTAD INGENIERIA EN SIST. Y C.C', '1');

CREATE TABLE IF NOT EXISTS CARRERAS(
	CODIGO_CARRERA VARCHAR(5),
	NOMBRE_CARRERA VARCHAR(45),
	CODIGO_FACULTAD VARCHAR(5),
	ESTATUS_CARRERA VARCHAR(1),
	PRIMARY KEY (CODIGO_CARRERA),
	FOREIGN KEY (CODIGO_FACULTAD) REFERENCES FACULTADES(CODIGO_FACULTAD))
ENGINE = INNODB CHARACTER SET = LATIN1;
INSERT INTO CARRERAS 
  (`CODIGO_CARRERA`, `NOMBRE_CARRERA`, `CODIGO_FACULTAD`, `ESTATUS_CARRERA`) 
  VALUES
  ('0901', 'INGENIERIA EN SISTEMAS Y C.C.', '00001', '1'),
  ('0902', 'INGENIERIA CIVIL', '00001', '1'),
  ('0905', 'INGENIERIA MECANICA', '00001', '1'),
  ('9956', 'INGENIERIA ELECTRICA', '00001', '1'),
  ('9959', 'INGENIERIA INDUSTRIAL', '00001', '1');


CREATE TABLE IF NOT EXISTS CURSOS(
    CODIGO_CURSOS VARCHAR(5),
    NOMBRE_CURSOS VARCHAR(45),
    ESTATUS_CURSO VARCHAR(1),
    PRIMARY KEY (CODIGO_CURSOS))
ENGINE = INNODB CHARACTER SET = LATIN1;
INSERT INTO CURSOS 
  (`CODIGO_CURSOS`, `NOMBRE_CURSOS`, `ESTATUS_CURSO`) 
  VALUES
  ('021', 'METODOS NUMERICOS', '1'),
  ('022', 'PROGRAMACION 3', '1'),
  ('023', 'EMPRENDEDORES DE NEGOCIOS', '1'),
  ('024', 'ELECTRONICA ANALOGICA', '1'),
  ('025', 'ESTADISTICA 2', '1');


CREATE TABLE IF NOT EXISTS JORNADAS(
    CODIGO_JORNADA VARCHAR(5),
    NOMBRE_JORNADA VARCHAR(45),
    ESTATUS_JORNADA VARCHAR(1),
    PRIMARY KEY (CODIGO_JORNADA))
ENGINE = INNODB CHARACTER SET = LATIN1;
INSERT INTO JORNADAS 
  (`CODIGO_JORNADA`, `NOMBRE_JORNADA`, `ESTATUS_JORNADA`) 
  VALUES
  ('0011', 'MATUTINA', '1'),
  ('0022', 'NOCTURNA', '1'),
  ('0023', 'VESPERTINA', '1'),
  ('0044', 'SABATINA', '1'),
  ('0055', 'DOMINGOS', '1');


CREATE TABLE IF NOT EXISTS AULAS(
    CODIGO_AULAS VARCHAR(5),
    NOMBRE_AULAS VARCHAR(45),
    ESTATUS_AULAS VARCHAR(1),
    PRIMARY KEY (CODIGO_AULAS))
ENGINE = INNODB CHARACTER SET = LATIN1;
INSERT INTO AULAS 
  (`CODIGO_AULAS`, `NOMBRE_AULAS`, `ESTATUS_AULAS`) 
  VALUES
  ('0100', 'C10', '1'),
  ('0110', 'C11', '1'),
  ('0120', 'C12', '1'),
  ('0130', 'C13', '1'),
  ('0140', 'C14', '1');


CREATE TABLE IF NOT EXISTS SECCIONES(
    CODIGO_SECCIONES VARCHAR(5),
    NOMBRE_SECCIONES VARCHAR(45),
    ESTATUS_SECCIONES VARCHAR(1),
    PRIMARY KEY (CODIGO_SECCIONES))
ENGINE = INNODB CHARACTER SET = LATIN1;
INSERT INTO SECCIONES 
  (`CODIGO_SECCIONES`, `NOMBRE_SECCIONES`, `ESTATUS_SECCIONES`) 
  VALUES
  ('00A1', 'A', '1'),
  ('00B1', 'B', '1'),
  ('00C1', 'C', '1'),
  ('00D1', 'D', '1'),
  ('00E1', 'E', '1');


CREATE TABLE IF NOT EXISTS SEDES(
    CODIGO_SEDES VARCHAR(5),
    NOMBRE_SEDES VARCHAR(45),
    ESTATUS_SEDES VARCHAR(1),
    PRIMARY KEY (CODIGO_SEDES))
ENGINE = INNODB CHARACTER SET = LATIN1;
INSERT INTO SEDES 
  (`CODIGO_SEDES`, `NOMBRE_SEDES`, `ESTATUS_SEDES`) 
  VALUES
  ('1000', 'CENTRAL', '1'),
  ('2000', 'PORTALES', '1'),
  ('3000', 'NARANJO', '1'),
  ('4000', 'VILLA NUEVA', '1'),
  ('5000', 'ANTIGUA', '1');


CREATE TABLE IF NOT EXISTS ALUMNOS(
    CARNET_ALUMNOS VARCHAR(15),
    NOMBRE_ALUMNOS VARCHAR(45),
    DIRECCION_ALUMNOS VARCHAR(45),
    TELEFONO_ALUMNOS VARCHAR(45),
    EMAIL_ALUMNOS VARCHAR(20),
    ESTATUS_ALUMNOS VARCHAR(1),
    PRIMARY KEY (CARNET_ALUMNOS))
ENGINE = INNODB CHARACTER SET = LATIN1;
INSERT INTO ALUMNOS 
  (`CARNET_ALUMNOS`, `NOMBRE_ALUMNOS`, `DIRECCION_ALUMNOS`, `TELEFONO_ALUMNOS`, `EMAIL_ALUMNOS`, `ESTATUS_ALUMNOS`) 
  VALUES
  ('1000-25-1110', 'ANDY CULAJAY', 'ZONA 1', '88779966', 'andajay@gmail.com', '1'),
  ('2000-25-1111', 'MARCO TULIO', 'ZONA 10', '11220099', 'marctul@gmail.com', '1'),
  ('2000-25-2000', 'SANDRA LEMUS', 'ZONA 17', '66445533', 'lemsandr@gmail.com', '1'),
  ('3000-25-1000', 'RAFAEL LANDIVAR', 'ZONA 18', '66775544', 'lanfael@gmail.com', '1'),
  ('4000-25-2220', 'ISMAEL QUINTO', 'ZONA 4', '77776655', 'quinsmal@gmail.com', '1');


CREATE TABLE IF NOT EXISTS MAESTROS(
    CODIGO_MAESTROS VARCHAR(5),
    NOMBRE_MAESTROS VARCHAR(45),
    DIRECCION_MAESTROS VARCHAR(45),
    TELEFONO_MAESTROS VARCHAR(45),
    EMAIL_MAESTROS VARCHAR(20),
    ESTATUS_MAESTROS VARCHAR(1),
    PRIMARY KEY (CODIGO_MAESTROS))
ENGINE = INNODB CHARACTER SET = LATIN1;
INSERT INTO MAESTROS 
  (`CODIGO_MAESTROS`, `NOMBRE_MAESTROS`, `DIRECCION_MAESTROS`, `TELEFONO_MAESTROS`, `EMAIL_MAESTROS`, `ESTATUS_MAESTROS`) 
  VALUES
  ('1000-', 'MICHAEL SCOTT', 'ZONA 7', '55446655', 'michaott@gmail.com', '1'),
  ('11-08', 'DWITH SMITH', 'ZONA 9', '11332244', 'dwithth@gmail.com', '1'),
  ('22-19', 'JIAN LOPEZ', 'ZONA 13', '77685433', 'pozlian@gmail.com', '1'),
  ('33-23', 'PAN MORALES', 'ZONA 24', '879877655', 'morapan@gmail.com', '1'),
  ('44-13', 'JIM CARREY', 'ZONA 15', '45354687', 'carreim@gmail.com', '1');


CREATE TABLE IF NOT EXISTS ASIGNACIONCURSOALUMNOS(
    CODIGO_CARRERA VARCHAR(5),
    CODIGO_SEDES VARCHAR(5),
    CODIGO_JORNADA VARCHAR(5),
    CODIGO_SECCIONES VARCHAR(5),
    CODIGO_AULAS VARCHAR(5),
    CODIGO_CURSOS VARCHAR(5),
    CARNET_ALUMNOS VARCHAR(15),
    NOTA_ASIGNACIONCURSOALUMNOS FLOAT(10,2),
    PRIMARY KEY (CODIGO_CARRERA,CODIGO_SEDES,CODIGO_JORNADA,CODIGO_SECCIONES,CODIGO_AULAS,CODIGO_CURSOS,CARNET_ALUMNOS),
    FOREIGN KEY (CODIGO_CARRERA) REFERENCES CARRERAS(CODIGO_CARRERA),
    FOREIGN KEY (CODIGO_SEDES) REFERENCES SEDES(CODIGO_SEDES),
    FOREIGN KEY (CODIGO_JORNADA) REFERENCES JORNADAS(CODIGO_JORNADA),
    FOREIGN KEY (CODIGO_SECCIONES) REFERENCES SECCIONES(CODIGO_SECCIONES),
    FOREIGN KEY (CODIGO_AULAS) REFERENCES AULAS(CODIGO_AULAS),
    FOREIGN KEY (CODIGO_CURSOS) REFERENCES CURSOS(CODIGO_CURSOS),
    FOREIGN KEY (CARNET_ALUMNOS) REFERENCES ALUMNOS(CARNET_ALUMNOS))
ENGINE = INNODB CHARACTER SET = LATIN1;
INSERT INTO ASIGNACIONCURSOALUMNOS 
  (`CODIGO_CARRERA`, `CODIGO_SEDES`, `CODIGO_JORNADA`, `CODIGO_SECCIONES`, `CODIGO_AULAS`, `CODIGO_CURSOS`, `CARNET_ALUMNOS`, `NOTA_ASIGNACIONCURSOALUMNOS`) 
  VALUES
  ('0901', '2000', '0044', '00E1', '0140', '025', '1000-25-1110', 75.00),
  ('0905', '1000', '0023', '00A1', '0100', '022', '2000-25-1111', 90.00),
  ('9959', '4000', '0022', '00C1', '0120', '024', '3000-25-1000', 85.00);



CREATE TABLE IF NOT EXISTS ASIGNACIONCURSOSMAESTROS(
    CODIGO_CARRERA VARCHAR(5),
    CODIGO_SEDES VARCHAR(5),
    CODIGO_JORNADA VARCHAR(5),
    CODIGO_SECCIONES VARCHAR(5),
    CODIGO_AULAS VARCHAR(5),
    CODIGO_CURSOS VARCHAR(5), 
    CODIGO_MAESTROS VARCHAR(5),
    PRIMARY KEY (CODIGO_CARRERA,CODIGO_SEDES,CODIGO_JORNADA,CODIGO_SECCIONES,CODIGO_AULAS,CODIGO_CURSOS,CODIGO_MAESTROS),
    FOREIGN KEY (CODIGO_CARRERA) REFERENCES CARRERAS(CODIGO_CARRERA),
    FOREIGN KEY (CODIGO_SEDES) REFERENCES SEDES(CODIGO_SEDES),
    FOREIGN KEY (CODIGO_JORNADA) REFERENCES JORNADAS(CODIGO_JORNADA),
    FOREIGN KEY (CODIGO_SECCIONES) REFERENCES SECCIONES(CODIGO_SECCIONES),
    FOREIGN KEY (CODIGO_AULAS) REFERENCES AULAS(CODIGO_AULAS),
    FOREIGN KEY (CODIGO_CURSOS) REFERENCES CURSOS(CODIGO_CURSOS),
    FOREIGN KEY (CODIGO_MAESTROS) REFERENCES MAESTROS(CODIGO_MAESTROS))
ENGINE = INNODB CHARACTER SET = LATIN1;
INSERT INTO ASIGNACIONCURSOSMAESTROS 
  (`CODIGO_CARRERA`, `CODIGO_SEDES`, `CODIGO_JORNADA`, `CODIGO_SECCIONES`, `CODIGO_AULAS`, `CODIGO_CURSOS`, `CODIGO_MAESTROS`) 
  VALUES
  ('0901', '2000', '0044', '00E1', '0140', '025', '11-08'),
  ('0905', '1000', '0023', '00A1', '0100', '022', '22-19'),
  ('9959', '4000', '0022', '00C1', '0120', '024', '44-13');